<?xml version="1.0" encoding="UTF-8"?>
<project-private xmlns="http://www.netbeans.org/ns/project-private/1">
    <editor-bookmarks xmlns="http://www.netbeans.org/ns/editor-bookmarks/2" lastBookmarkId="0"/>
    <open-files xmlns="http://www.netbeans.org/ns/projectui-open-files/2">
        <group>
            <file>file:/C:/Users/pipep/Documents/NetBeansProjects/auroraPay/src/java/controller/ClienteController.java</file>
            <file>file:/C:/Users/pipep/Documents/NetBeansProjects/auroraPay/src/java/model/persistencia/Conta.java</file>
            <file>file:/C:/Users/pipep/Documents/NetBeansProjects/auroraPay/src/java/model/persistencia/dao/ClienteDao.java</file>
            <file>file:/C:/Users/pipep/Documents/NetBeansProjects/auroraPay/src/java/model/persistencia/dao/ContaDao.java</file>
            <file>file:/C:/Users/pipep/Documents/NetBeansProjects/auroraPay/web/view/login.jsp</file>
            <file>file:/C:/Users/pipep/Documents/NetBeansProjects/auroraPay/src/java/model/persistencia/dao/LoginDao.java</file>
        </group>
    </open-files>
</project-private>
